name,offense,defense,form,star_power,clutch,fifa_rank,fifa_points,ranking_date
Spain,92,91,94,93,92,1,,September 2026
England,91,91,93,92,91,2,,September 2026
United States,90,90,88,94,90,3,,September 2026
Germany,90,88,87,91,89,4,,September 2026
Sweden,88,91,90,88,90,5,,September 2026
France,90,89,90,92,89,6,,September 2026
Japan,89,90,92,88,89,7,,September 2026
Canada,86,88,86,88,87,8,,September 2026
Brazil,90,84,87,94,88,9,,September 2026
Netherlands,88,88,90,89,89,10,,September 2026
Australia,87,85,89,91,88,11,,September 2026
Norway,87,84,85,90,86,12,,September 2026
Denmark,84,85,84,86,85,13,,September 2026
Italy,84,83,83,85,84,14,,September 2026
China PR,82,84,82,83,84,15,,September 2026
Iceland,82,84,83,81,84,16,,September 2026
South Korea,82,82,82,84,82,17,,September 2026
Austria,83,85,84,82,85,18,,September 2026
Belgium,84,82,84,85,83,19,,September 2026
Portugal,85,83,86,86,84,20,,September 2026
Switzerland,82,85,84,82,85,21,,September 2026
Colombia,86,83,89,90,87,22,,September 2026
New Zealand,78,81,79,80,81,23,,September 2026
Republic of Ireland,79,82,81,80,82,24,,September 2026
Argentina,84,79,82,89,84,25,,September 2026
Nigeria,84,84,87,86,86,26,,September 2026
Costa Rica,78,78,78,79,79,27,,September 2026
Jamaica,79,84,83,82,84,28,,September 2026
Zambia,82,76,81,85,80,29,,September 2026
Morocco,81,82,85,84,84,30,,September 2026
South Africa,82,79,85,83,84,31,,September 2026
Philippines,76,78,79,78,80,32,,September 2026